,Unnamed: 0,Unnamed: 0.1,Unnamed: 0.1.1,Unnamed: 0.1.1,Unnamed: 0.1.1.1,Unnamed: 0.1.1.1.1,Unnamed: 0.1.1.1.1,Unnamed: 0.1.1.1.1.1,Unnamed: 0.1.1.1.1.1.1,Unnamed: 0.1.1.1.1.1.1,Text,Date,Favorites,Retweets,Tweet ID,sentiment,pos_pct,neg_pct
0,0,0,0,0,0,0,0,0,0,0,@Oprah I heard a rumor U may run for POTUS! I would like to volunteer my time to see that happen. U are a true success story! I'd b honored!,2017-03-01 15:58:29,0,0,837089689744076800,"{'neg': 0.0, 'neu': 0.581, 'pos': 0.419, 'compound': 0.9284}",0.0667826086957,0.0898
1,1,1,1,1,1,1,1,1,1,1,"Actually, How Donald Trump Eats His Steak Matters http://www.eater.com/2017/2/28/14753248/trump-steak-well-done-ketchup-personality …",2017-03-01 15:46:07,0,0,837086580032536577,"{'neg': 0.0, 'neu': 0.879, 'pos': 0.121, 'compound': 0.0258}",0.0667826086957,0.0898
2,2,2,2,2,2,2,2,2,2,2,Wallace: 'Tonight Donald Trump Became the President of the United States' http://insider.foxnews.com/2017/02/28/chris-wallace-praises-trump-address-congress-says-he-became-president …,2017-03-01 15:42:57,1,0,837085782670213120,"{'neg': 0.0, 'neu': 0.797, 'pos': 0.203, 'compound': 0.4215}",0.0667826086957,0.0898
3,3,3,3,3,3,3,3,3,3,3,Bill Maher On President Donald Trump's Speech: There's Two Trumps | Hard... https://youtu.be/tsWI07e10y0  via @YouTube,2017-03-01 15:42:05,0,0,837085566076334080,"{'neg': 0.0, 'neu': 1.0, 'pos': 0.0, 'compound': 0.0}",0.0667826086957,0.0898
4,4,4,4,4,4,4,4,4,4,4,Donald Trump Just Said The One Thing That No Other President Ever Has Before. We Can’t Stop Cheering This. http://theatlantic.ga/4Z5  #NRApic.twitter.com/eiK3NVGTA2,2017-03-01 15:37:10,0,0,837084325468233728,"{'neg': 0.171, 'neu': 0.7, 'pos': 0.128, 'compound': -0.0258}",0.0667826086957,0.0898
5,5,5,5,5,5,5,5,5,5,5,"""Donald Trump took 61 minutes to tell 51 lies."" - @angela_rye https://twitter.com/cnnnewsroom/status/837044637059674116 …",2017-03-01 15:26:51,5,1,837081729131249669,"{'neg': 0.0, 'neu': 1.0, 'pos': 0.0, 'compound': 0.0}",0.0667826086957,0.0898
6,6,6,6,6,6,6,6,6,6,6,"Maybe it was Donald Trump, Jr. #FindOuthttps://twitter.com/RobPulseNews/status/837053196019236864 …",2017-03-01 15:24:55,1,1,837081245423136768,"{'neg': 0.0, 'neu': 1.0, 'pos': 0.0, 'compound': 0.0}",0.0667826086957,0.0898
7,7,7,7,7,7,7,7,7,7,7,CNN Had A Shocking Reaction To Donald Trump’s Speech http://greatamericandaily.com/2017/03/01/cnn-shocking-reaction-donald-trump-speech/ …,2017-03-01 15:14:34,0,0,837078639564980224,"{'neg': 0.252, 'neu': 0.748, 'pos': 0.0, 'compound': -0.4019}",0.0667826086957,0.0898
8,8,8,8,8,8,8,8,8,8,8,Donald Trump to Katy Tur: Be quiet! (How soon we let bygones be bygones) https://twitter.com/katyturnbc/status/836783151347302401 …,2017-03-01 15:10:52,3,1,837077707192053760,"{'neg': 0.0, 'neu': 1.0, 'pos': 0.0, 'compound': 0.0}",0.0667826086957,0.0898
9,9,9,9,9,9,9,9,9,9,9,Rt Donald Trump is right about Sweden http://fb.me/6bviHYux3 ,2017-03-01 15:04:33,0,0,837076119027232770,"{'neg': 0.0, 'neu': 1.0, 'pos': 0.0, 'compound': 0.0}",0.0667826086957,0.0898
10,10,10,10,10,10,10,10,10,10,10,Michael Savage interviews VP Mike Pence about Donald Trump's address to ... https://youtu.be/8t3de_0YKpM  via @YouTube,2017-03-01 15:04:25,0,1,837076086252945408,"{'neg': 0.176, 'neu': 0.824, 'pos': 0.0, 'compound': -0.4588}",0.0667826086957,0.0898
11,11,11,11,11,11,11,11,11,11,11,Mike Pence: The Donald Trump I Saw Last Night Is The One I’ve Seen All A... https://youtu.be/2Sudcgg-uj0  via @YouTube,2017-03-01 15:03:46,3,0,837075921332948993,"{'neg': 0.0, 'neu': 1.0, 'pos': 0.0, 'compound': 0.0}",0.0667826086957,0.0898
12,12,12,12,12,12,12,12,12,12,12,Donald Trump's #Twitter #Marketing Strategy (Aaron Reveals His Exact Playbook): http://bit.ly/2cqWQCo pic.twitter.com/dVg4GriQRf,2017-03-01 15:01:19,0,0,837075303017009153,"{'neg': 0.0, 'neu': 1.0, 'pos': 0.0, 'compound': 0.0}",0.0667826086957,0.0898
13,13,13,13,13,13,13,13,13,13,13,Donald Trump's actual policies contradict his joint session speech http://www.huffingtonpost.com/entry/donald-trump-policies-joint-session_us_58b6e282e4b0780bac2f010b?ncid=engmodushpmg00000004 … via @HuffPostPol,2017-03-01 15:00:19,0,0,837075055431462917,"{'neg': 0.173, 'neu': 0.827, 'pos': 0.0, 'compound': -0.3182}",0.0667826086957,0.0898
14,14,14,14,14,14,14,14,14,14,14,"'La La Land' and Donald Trump both represent things that are not true, so I can see the logic here. https://twitter.com/DrRubidium/status/837052423675998208 …",2017-03-01 14:56:51,2,0,837074180998717440,"{'neg': 0.109, 'neu': 0.891, 'pos': 0.0, 'compound': -0.3252}",0.0667826086957,0.0898
15,15,15,15,15,15,15,15,15,15,15,Fuck Donald Trump,2017-03-01 14:51:14,1,0,837072767694430208,"{'neg': 0.636, 'neu': 0.364, 'pos': 0.0, 'compound': -0.5423}",0.0667826086957,0.0898
16,16,16,16,16,16,16,16,16,16,16,Interfaith love is beautiful - Churches across US prepare to provide sanctuary to immigrants under Donald Trump https://mic.com/articles/169631/churches-across-us-prepare-to-provide-sanctuary-to-immigrants-under-donald-trump#.8QMIp9dDc …,2017-03-01 14:46:04,0,0,837071467137257476,"{'neg': 0.0, 'neu': 0.649, 'pos': 0.351, 'compound': 0.8442}",0.0667826086957,0.0898
17,17,17,17,17,17,17,17,17,17,17,@wcvb Please stop kissing Trump's ass! He's scum! Donald Trump made 61 statements in his speech. 51 were false https://www.indy100.com/article/donald-trump-statements-fact-check-congress-address-work-unemployment-latest-checking-7605351 …,2017-03-01 14:34:01,0,0,837068435989348355,"{'neg': 0.202, 'neu': 0.566, 'pos': 0.233, 'compound': 0.2225}",0.0667826086957,0.0898
18,18,18,18,18,18,18,18,18,18,18,"Donald Trump, pseudo-president: Media embraces his latest “pivot” like the proverbial drunk under a streetlight http://fb.me/1hsbz2MRe ",2017-03-01 14:30:43,0,0,837067605886316544,"{'neg': 0.134, 'neu': 0.726, 'pos': 0.14, 'compound': 0.0258}",0.0667826086957,0.0898
19,19,19,19,19,19,19,19,19,19,19,i wish donald trump would make smart cars and priuss illegal,2017-03-01 14:27:51,0,0,837066884688277504,"{'neg': 0.225, 'neu': 0.438, 'pos': 0.338, 'compound': 0.2023}",0.0667826086957,0.0898
20,20,20,20,20,20,20,20,20,20,20,"Good to know Donald Trump has a friend in the MA congressional delegation http://boston.cbslocal.com/2017/03/01/president-trump-address-to-congress-stephen-lynch-massachusetts/ … Lynch,you read Breitbart? #bospoli #mapolipic.twitter.com/Z2F12oyvMs",2017-03-01 14:27:27,0,0,837066782070427648,"{'neg': 0.0, 'neu': 0.724, 'pos': 0.276, 'compound': 0.7269}",0.0667826086957,0.0898
21,21,21,21,21,21,21,21,21,21,21,¿Por qué Centroamérica dejó solo a México frente a Donald Trump? http://www.animalpolitico.com/2017/02/trump-centroamerica-mexico-deportaciones/ … vía @Pajaropolitico,2017-03-01 14:21:36,0,0,837065311891378176,"{'neg': 0.0, 'neu': 1.0, 'pos': 0.0, 'compound': 0.0}",0.0667826086957,0.0898
22,22,22,22,22,22,22,22,22,22,22,Donald Trump's actual policies contradict his joint session speech http://www.huffingtonpost.com/entry/donald-trump-policies-joint-session_us_58b6e282e4b0780bac2f010b?ncid=engmodushpmg00000004 … via @HuffPostPol,2017-03-01 14:20:08,0,0,837064940389281797,"{'neg': 0.173, 'neu': 0.827, 'pos': 0.0, 'compound': -0.3182}",0.0667826086957,0.0898
23,23,23,23,23,23,23,23,23,23,23,wow didn't realize donald trump had a day named after him  #NationalPigDay,2017-03-01 14:19:01,3,0,837064661338107904,"{'neg': 0.0, 'neu': 0.725, 'pos': 0.275, 'compound': 0.5859}",0.0667826086957,0.0898
24,24,24,24,24,24,24,24,24,24,24,"Donald Trump speech to Congress leaves Democrats befuddled, in ruins, with question marks - Washington Times http://m.washingtontimes.com/news/2017/feb/28/trump-speech-congress-leaves-democrats-befuddled-r/ …",2017-03-01 14:14:42,0,0,837063574820376577,"{'neg': 0.162, 'neu': 0.838, 'pos': 0.0, 'compound': -0.4404}",0.0667826086957,0.0898
25,25,25,25,25,25,25,25,25,25,25,"#Trump: unfailingly gauche, vulgar and infantile. Master of #exploitation Donald Trump’s #ObsessionWithApplausehttps://nyti.ms/2m95A5M ",2017-03-01 14:11:23,0,0,837062737763176449,"{'neg': 0.0, 'neu': 1.0, 'pos': 0.0, 'compound': 0.0}",0.0667826086957,0.0898
26,26,26,26,26,26,26,26,26,26,26,"Fact check: Donald Trump's claims on jobs, Obamacare, immigration and more http://fw.to/y3hfneH ",2017-03-01 14:05:18,0,1,837061208662474753,"{'neg': 0.0, 'neu': 1.0, 'pos': 0.0, 'compound': 0.0}",0.0667826086957,0.0898
27,27,27,27,27,27,27,27,27,27,27,"1/2 truths & outright lies typical.
Fact check: Donald Trump's claims on jobs, Obamacare, immigration and more http://fw.to/y3hfneH ",2017-03-01 14:05:05,0,1,837061154396581889,"{'neg': 0.136, 'neu': 0.728, 'pos': 0.136, 'compound': 0.0}",0.0667826086957,0.0898
28,28,28,28,28,28,28,28,28,28,28,Sam Adonis responds to Brian Cage over the Donald Trump controversy @SamElias89 @MrGMSI_BCage http://on.si.com/2muoW6A pic.twitter.com/bhaOaINFzy,2017-03-01 14:01:46,2,0,837060318362800128,"{'neg': 0.0, 'neu': 1.0, 'pos': 0.0, 'compound': 0.0}",0.0667826086957,0.0898
29,29,29,29,29,29,29,29,29,29,29,"Donald Trump, Master of Low Expectations https://nyti.ms/2lzIBh7  Rooster taking credit for the sunrise.",2017-03-01 13:59:46,0,0,837059813959938049,"{'neg': 0.134, 'neu': 0.701, 'pos': 0.166, 'compound': 0.128}",0.0667826086957,0.0898
30,30,30,30,30,30,30,30,30,30,30,Donald Trump ruined all red hats. Forever.,2017-03-01 13:58:16,0,0,837059436036370433,"{'neg': 0.341, 'neu': 0.659, 'pos': 0.0, 'compound': -0.4767}",0.0667826086957,0.0898
31,31,31,31,31,31,31,31,31,31,31,Donald Trump has changed Oprah Winfrey's mind http://trib.al/BwBjw75 ,2017-03-01 13:55:55,0,0,837058847948812290,"{'neg': 0.0, 'neu': 1.0, 'pos': 0.0, 'compound': 0.0}",0.0667826086957,0.0898
32,32,32,32,32,32,32,32,32,32,32,"Fact check: Donald Trump's claims on jobs, Obamacare, immigration and more http://fw.to/y3hfneH ",2017-03-01 13:54:05,0,0,837058383186391040,"{'neg': 0.0, 'neu': 1.0, 'pos': 0.0, 'compound': 0.0}",0.0667826086957,0.0898
33,33,33,33,33,33,33,33,33,33,33,How long has it been since Donald Trump attacked someone on Twitter? @CNNPolitics http://cnn.it/2m9Jznl        guess babyman is growing up,2017-03-01 13:48:30,0,0,837056981865230345,"{'neg': 0.138, 'neu': 0.783, 'pos': 0.078, 'compound': -0.3182}",0.0667826086957,0.0898
34,34,34,34,34,34,34,34,34,34,34,"""A woman on NPR just said she loved Donald Trump's speech because it reminded her of ""La La Land,"" which she said... http://fb.me/70bLZazjY ",2017-03-01 13:48:11,0,0,837056899426185225,"{'neg': 0.0, 'neu': 0.849, 'pos': 0.151, 'compound': 0.5994}",0.0667826086957,0.0898
35,35,35,35,35,35,35,35,35,35,35,"WALLACE:""I Feel Like Tonight Donald Trump Became the President of the United States"" ... http://squawkingpoints.net/wallace-trump-speech/ …",2017-03-01 13:47:08,0,0,837056637047304196,"{'neg': 0.0, 'neu': 0.71, 'pos': 0.29, 'compound': 0.6486}",0.0667826086957,0.0898
36,36,36,36,36,36,36,36,36,36,36,@Google PRESIDENT DONALD TRUMP HAS NOT SPOKE WHAT WAS HIS POINT IN SOME F.B.I. LEAK OF SOMETHING I HOPE THAT IS NOT EMPTY A TWEETER BEHAVIOR,2017-03-01 13:43:41,1,0,837055766276239367,"{'neg': 0.187, 'neu': 0.693, 'pos': 0.12, 'compound': -0.2577}",0.0667826086957,0.0898
37,37,37,37,37,37,37,37,37,37,37,Fact-checking Donald Trump's address to Congress | PolitiFact http://www.politifact.com/truth-o-meter/article/2017/feb/28/fact-checking-donald-trumps-address-congress/ …,2017-03-01 13:41:21,0,0,837055181019840513,"{'neg': 0.0, 'neu': 1.0, 'pos': 0.0, 'compound': 0.0}",0.0667826086957,0.0898
38,38,38,38,38,38,38,38,38,38,38,"@MadelineMcDavid For instance, watching a twitch streamer from Singapore, the American teenager asks ""What do you think of Donald Trump?""",2017-03-01 13:37:23,0,0,837054181231980550,"{'neg': 0.0, 'neu': 1.0, 'pos': 0.0, 'compound': 0.0}",0.0667826086957,0.0898
39,39,39,39,39,39,39,39,39,39,39,@Usapoliticsnew MA is #7 in heroin deaths but all POCAHONTAS blathers about is DONALD TRUMP!  ,2017-03-01 13:30:27,0,0,837052438968483840,"{'neg': 0.146, 'neu': 0.854, 'pos': 0.0, 'compound': -0.3382}",0.0667826086957,0.0898
40,40,40,40,40,40,40,40,40,40,40,Yo anyone says Donald trump is a great president is a dumb mother fucker guy is a lying abusive fuck who should get impeached #deportme,2017-03-01 13:28:54,1,1,837052045895077890,"{'neg': 0.482, 'neu': 0.412, 'pos': 0.106, 'compound': -0.9393}",0.0667826086957,0.0898
41,41,41,41,41,41,41,41,41,41,41,Donald Trump: Ratings For First Congress Speech Didn't Beat Obama's | http://Fortune.com  http://fortune.com/2017/03/01/donald-trump-address-congress-ratings/?xid=soc_socialflow_facebook_FORTUNE …,2017-03-01 13:23:38,0,0,837050722663469058,"{'neg': 0.0, 'neu': 1.0, 'pos': 0.0, 'compound': 0.0}",0.0667826086957,0.0898
42,42,42,42,42,42,42,42,42,42,42,The two most debased moments of Donald Trump’s speech to Congress: http://www.slate.com/articles/news_and_politics/politics/2017/03/the_two_most_debased_moments_of_donald_trump_s_speech_to_congress.html?wpsrc=sh_all_dt_tw_top … via @slate,2017-03-01 13:22:44,0,0,837050494191300619,"{'neg': 0.0, 'neu': 1.0, 'pos': 0.0, 'compound': 0.0}",0.0667826086957,0.0898
43,43,43,43,43,43,43,43,43,43,43,Do you believe anything that #DonaldTrump says?,2017-03-01 13:10:50,0,1,837047501370834944,"{'neg': 0.0, 'neu': 1.0, 'pos': 0.0, 'compound': 0.0}",0.0667826086957,0.0898
44,44,44,44,44,44,44,44,44,44,44,"Donald Trump, Master of Low Expectations https://nyti.ms/2lzIBh7 ",2017-03-01 13:05:46,0,0,837046227363643392,"{'neg': 0.259, 'neu': 0.741, 'pos': 0.0, 'compound': -0.2732}",0.0667826086957,0.0898
45,45,45,45,45,45,45,45,45,45,45,Barack Obama’s First Congress Address Drew Higher Ratings Than President Donald Trump #leadgenerationhttp://feedproxy.google.com/~r/B2CMarketingInsider/~3/uXuHfsr4Ljs/barack-obamas-first-congress-address-drew-higher-ratings-president-donald-trump-01790477 …,2017-03-01 13:00:07,1,0,837044802281623552,"{'neg': 0.0, 'neu': 1.0, 'pos': 0.0, 'compound': 0.0}",0.0667826086957,0.0898
46,46,46,46,46,46,46,46,46,46,46,"""I will see Donald Trump at 12AM"" OMG https://twitter.com/goldengateblond/status/836842263779151874 …",2017-03-01 12:52:15,6,1,837042823182630914,"{'neg': 0.0, 'neu': 1.0, 'pos': 0.0, 'compound': 0.0}",0.0667826086957,0.0898
47,47,47,47,47,47,47,47,47,47,47,"There is a counter on CNN that says ""How long has it been since Donald Trump attacked someone on Twitter?""

http://www.cnn.com/2017/03/01/politics/has-trump-tweeted-yet-trnd/index.html …",2017-03-01 12:49:25,0,2,837042111073538050,"{'neg': 0.136, 'neu': 0.864, 'pos': 0.0, 'compound': -0.4588}",0.0667826086957,0.0898
48,48,48,48,48,48,48,48,48,48,48,#Don’tBeFooled. #DonaldTrump Didn’t Pivot http://www.newyorker.com/news/john-cassidy/dont-be-fooled-donald-trump-didnt-pivot … via @JohnCassidy,2017-03-01 12:42:39,0,0,837040408970526720,"{'neg': 0.0, 'neu': 1.0, 'pos': 0.0, 'compound': 0.0}",0.0667826086957,0.0898
49,49,49,49,49,49,49,49,49,49,49,The State of Disunion: Donald Trump’s dystopian America. http://m.tbnn.it/NWJ44R ,2017-03-01 12:36:11,0,0,837038780733280256,"{'neg': 0.0, 'neu': 1.0, 'pos': 0.0, 'compound': 0.0}",0.0667826086957,0.0898
50,50,50,50,50,50,50,50,50,50,50,"When you fact-check Donald Trump's latest speech, you find that even the technically true parts - The Independent https://apple.news/A8CDWPkrqTfm4Tb2G6I0A_g …",2017-03-01 12:34:27,0,0,837038344563486720,"{'neg': 0.0, 'neu': 0.859, 'pos': 0.141, 'compound': 0.4215}",0.0667826086957,0.0898
51,51,51,51,51,51,51,51,51,51,51,"@mattgaetz A WEEK ago you said ""Absolutely, Donald Trump should release his tax returns."" http://www.cnn.com/2017/02/23/politics/matt-gaetz-donald-trump-tax-returns/index.html …",2017-03-01 12:32:56,1,0,837037964739895296,"{'neg': 0.0, 'neu': 1.0, 'pos': 0.0, 'compound': 0.0}",0.0667826086957,0.0898
52,52,52,52,52,52,52,52,52,52,52,"Dude, a WEEK ago you said ""Absolutely, Donald Trump should release his tax returns.""  http://www.cnn.com/2017/02/23/politics/matt-gaetz-donald-trump-tax-returns/index.html …https://twitter.com/mattgaetz/status/836701941543600128 …",2017-03-01 12:32:30,0,0,837037855369211905,"{'neg': 0.0, 'neu': 1.0, 'pos': 0.0, 'compound': 0.0}",0.0667826086957,0.0898
53,53,53,53,53,53,53,53,53,53,53,@TIME at least it took a full 3 paragraphs to bring Donald Trump into it. Are you guys losing your fastball?,2017-03-01 12:26:22,22,3,837036309545893888,"{'neg': 0.126, 'neu': 0.874, 'pos': 0.0, 'compound': -0.3818}",0.0667826086957,0.0898
54,54,54,54,54,54,54,54,54,54,54,"Donald Trump, Adam Purinton, and the Enabling of American Terrorists - The Atlantic http://ln.is/www.theatlantic.com/b5CCU …",2017-03-01 12:25:48,0,0,837036166612307969,"{'neg': 0.255, 'neu': 0.745, 'pos': 0.0, 'compound': -0.6249}",0.0667826086957,0.0898
55,55,55,55,55,55,55,55,55,55,55,Hope everyone's having a great day! Minus Donald Trump and the person that stole Tom Bradys' jersey!,2017-03-01 12:25:36,4,1,837036116675002368,"{'neg': 0.0, 'neu': 0.649, 'pos': 0.351, 'compound': 0.8217}",0.0667826086957,0.0898
56,56,56,56,56,56,56,56,56,56,56,"Donald Trump, Master of Low Expectations http://fb.me/19yEEtTSr ",2017-03-01 12:19:40,0,0,837034623943204869,"{'neg': 0.259, 'neu': 0.741, 'pos': 0.0, 'compound': -0.2732}",0.0667826086957,0.0898
57,57,57,57,57,57,57,57,57,57,57,"What an editorial! Donald Trump, Master of Low Expectations, via @nytimes https://www.nytimes.com/2017/03/01/opinion/donald-trump-master-of-low-expectations.html?smprod=nytcore-iphone&smid=nytcore-iphone-share …",2017-03-01 12:12:48,0,0,837032897253150723,"{'neg': 0.179, 'neu': 0.821, 'pos': 0.0, 'compound': -0.3382}",0.0667826086957,0.0898
58,58,58,58,58,58,58,58,58,58,58,Kathy Griffin: President Donald Trump Is So Embarrassing | Hardball | MSNBC https://youtu.be/HBb1794sin0  via @YouTube,2017-03-01 12:09:15,0,0,837032001328844804,"{'neg': 0.194, 'neu': 0.806, 'pos': 0.0, 'compound': -0.4391}",0.0667826086957,0.0898
59,59,59,59,59,59,59,59,59,59,59,Donald Trump's Actual Policies Contradict His Joint Session Speech - The Huffington Post https://apple.news/A26TBd2CfTXum-KyU30mo0w …,2017-03-01 12:07:00,0,0,837031435689156608,"{'neg': 0.161, 'neu': 0.839, 'pos': 0.0, 'compound': -0.3182}",0.0667826086957,0.0898
60,60,60,60,60,60,60,60,60,60,60,Why Donald Trump's Address To Congress Was Exactly What America Needed To Hear http://scq.io/WY6Q3LU_  via @yesimright1,2017-03-01 12:06:28,1,0,837031303694417920,"{'neg': 0.0, 'neu': 1.0, 'pos': 0.0, 'compound': 0.0}",0.0667826086957,0.0898
61,61,61,61,61,61,61,61,61,61,61,President Donald Trump Inaugural Address FULL SPEECH (C-SPAN) https://youtu.be/a-mfhjaPvsM  via @YouTube,2017-03-01 12:02:08,1,2,837030214144299012,"{'neg': 0.0, 'neu': 1.0, 'pos': 0.0, 'compound': 0.0}",0.0667826086957,0.0898
62,62,62,62,62,62,62,62,62,62,62,"“My job is not to represent the world.  My job is to represent the United States of America.”

President Donald Trump",2017-03-01 11:57:59,3,0,837029169527734272,"{'neg': 0.0, 'neu': 0.877, 'pos': 0.123, 'compound': 0.4215}",0.0667826086957,0.0898
63,63,63,63,63,63,63,63,63,63,63,That was not a new Donald Trump last night. It's the man his supporters voted for. #Rush #JointAddress #AmericaFirst #MAGA,2017-03-01 11:34:16,1,0,837023199015669764,"{'neg': 0.0, 'neu': 0.861, 'pos': 0.139, 'compound': 0.4404}",0.0667826086957,0.0898
64,64,64,64,64,64,64,64,64,64,64,"""The most outrageous of Donald Trump's bogus employment statistics"" http://www.msnbc.com/rachel-maddow-show/the-most-outrageous-donald-trumps-bogus-employment-statistics … #trumplies",2017-03-01 11:27:34,0,0,837021511273877505,"{'neg': 0.248, 'neu': 0.752, 'pos': 0.0, 'compound': -0.5095}",0.0667826086957,0.0898
65,65,65,65,65,65,65,65,65,65,65,"""Absolutely, Donald Trump should release his tax returns."" http://www.cnn.com/2017/02/23/politics/matt-gaetz-donald-trump-tax-returns/ …https://twitter.com/mattgaetz/status/836701941543600128 …",2017-03-01 11:18:51,1,0,837019318319710208,"{'neg': 0.0, 'neu': 1.0, 'pos': 0.0, 'compound': 0.0}",0.0667826086957,0.0898
66,66,66,66,66,66,66,66,66,66,66,"Check out The Economist Magazine, May 7th-13th 2016, Trump's Triumph, Donald Trump https://www.ebay.com/itm/142297816580 … @eBay",2017-03-01 11:16:51,0,0,837018815208771585,"{'neg': 0.0, 'neu': 0.807, 'pos': 0.193, 'compound': 0.4767}",0.0667826086957,0.0898
67,67,67,67,67,67,67,67,67,67,67,"""Another example of Donald Trump playing into China’s hands"" - maybe he works for China as well as Russia: http://buff.ly/2m9wzyr ",2017-03-01 11:07:49,0,0,837016543565393920,"{'neg': 0.0, 'neu': 0.813, 'pos': 0.187, 'compound': 0.4404}",0.0667826086957,0.0898
68,68,68,68,68,68,68,68,68,68,68,BREAKING: Obama Is Joining the Resistance to STOP Donald Trump. Do You Support Him? http://fb.me/6sFgc5P9y ,2017-03-01 11:03:12,0,0,837015379243331585,"{'neg': 0.157, 'neu': 0.698, 'pos': 0.145, 'compound': -0.0601}",0.0667826086957,0.0898
69,69,69,69,69,69,69,69,69,69,69,Donald Trump made 61 statements in his speech. 51 were false. https://www.indy100.com/article/donald-trump-statements-fact-check-congress-address-work-unemployment-latest-checking-7605351 …,2017-03-01 11:01:18,3,4,837014902174859266,"{'neg': 0.0, 'neu': 1.0, 'pos': 0.0, 'compound': 0.0}",0.0667826086957,0.0898
70,70,70,70,70,70,70,70,70,70,70,Can u imagine telling someone with #Amnesia that #DonaldTrump is the #POTUS http://ow.ly/tmpp309tXyY  This #Boston ER doc has to all the timepic.twitter.com/11ll757ImS,2017-03-01 11:00:31,1,0,837014703876497409,"{'neg': 0.0, 'neu': 1.0, 'pos': 0.0, 'compound': 0.0}",0.0667826086957,0.0898
71,71,71,71,71,71,71,71,71,71,71,The most outrageous of Donald Trump's bogus employment statistics http://www.msnbc.com/rachel-maddow-show/the-most-outrageous-donald-trumps-bogus-employment-statistics … via @msnbc,2017-03-01 10:58:37,0,0,837014226405363716,"{'neg': 0.23, 'neu': 0.77, 'pos': 0.0, 'compound': -0.5095}",0.0667826086957,0.0898
72,72,72,72,72,72,72,72,72,72,72,"@firstwefeast At a recent congressional meeting, Donald Trump required everyone to drink sweet tea. ""It's the best drink there is.""",2017-03-01 10:57:06,1,0,837013846019690496,"{'neg': 0.0, 'neu': 0.702, 'pos': 0.298, 'compound': 0.802}",0.0667826086957,0.0898
73,73,73,73,73,73,73,73,73,73,73,my timehop is so sad bc a year ago I thought there was no way donald trump could become president and here we are,2017-03-01 10:56:11,1,0,837013614846480386,"{'neg': 0.236, 'neu': 0.764, 'pos': 0.0, 'compound': -0.7344}",0.0667826086957,0.0898
74,74,74,74,74,74,74,74,74,74,74,"More Lynch on media: ...""there was just a steady drumbeat of attack against Donald Trump."" http://boston.cbslocal.com/2017/03/01/president-trump-address-to-congress-stephen-lynch-massachusetts/ …",2017-03-01 10:54:19,0,1,837013147043184640,"{'neg': 0.181, 'neu': 0.819, 'pos': 0.0, 'compound': -0.4767}",0.0667826086957,0.0898
75,75,75,75,75,75,75,75,75,75,75,Fact-checking Donald Trump's first presidential address to Congress https://www.theguardian.com/us-news/2017/mar/01/donald-trump-congress-address-fact-check?CMP=Share_iOSApp_Other …,2017-03-01 10:52:53,1,0,837012786475581440,"{'neg': 0.0, 'neu': 1.0, 'pos': 0.0, 'compound': 0.0}",0.0667826086957,0.0898
76,76,76,76,76,76,76,76,76,76,76,Donald Trump made 61 statements in his speech. 51 were false https://www.indy100.com/article/donald-trump-statements-fact-check-congress-address-work-unemployment-latest-checking-7605351 …,2017-03-01 10:51:42,0,0,837012486205411330,"{'neg': 0.0, 'neu': 1.0, 'pos': 0.0, 'compound': 0.0}",0.0667826086957,0.0898
77,77,77,77,77,77,77,77,77,77,77,"Girl 1: ""Did you watch last night?"" Girl 2: ""You mean The Bachelor?"" Girl 1: ""No, Donald Trump's speech..""",2017-03-01 10:51:01,1,0,837012316281528320,"{'neg': 0.0, 'neu': 1.0, 'pos': 0.0, 'compound': 0.0}",0.0667826086957,0.0898
78,78,78,78,78,78,78,78,78,78,78,Donald Trump made the Oval Office so ugly.,2017-03-01 10:50:10,0,0,837012100576837634,"{'neg': 0.377, 'neu': 0.623, 'pos': 0.0, 'compound': -0.6418}",0.0667826086957,0.0898
79,79,79,79,79,79,79,79,79,79,79,"""Two senior White House sources inform me that Donald Trump did not fling poo at anyone this morning. How presidential!""  -  Ian Millhiser",2017-03-01 10:49:35,0,0,837011954464092160,"{'neg': 0.0, 'neu': 1.0, 'pos': 0.0, 'compound': 0.0}",0.0667826086957,0.0898
80,80,80,80,80,80,80,80,80,80,80,Joan Vennochi: Donald Trump ducked full responsibility for the Yemen raid last night http://toplocalnow.com/us/boston/at/13 ,2017-03-01 10:48:04,0,0,837011572903981057,"{'neg': 0.0, 'neu': 1.0, 'pos': 0.0, 'compound': 0.0}",0.0667826086957,0.0898
81,81,81,81,81,81,81,81,81,81,81,Chris Wallace:'I Feel Like Tonight Donald Trump Became the President of the United States' -- http://squawkingpoints.net/wallace-trump-speech/ …,2017-03-01 10:47:15,0,0,837011365327998979,"{'neg': 0.0, 'neu': 0.725, 'pos': 0.275, 'compound': 0.6486}",0.0667826086957,0.0898
82,82,82,82,82,82,82,82,82,82,82,Killer Mike & El-P Want Donald Trump at Their Show (VIDEO) - http://worldpowerradio.com/2017/03/01/killer-mike-el-p-want-donald-trump-at-their-show-video/ …pic.twitter.com/l7IBglcvzh,2017-03-01 10:40:27,0,0,837009657042464770,"{'neg': 0.295, 'neu': 0.616, 'pos': 0.089, 'compound': -0.6124}",0.0667826086957,0.0898
83,83,83,83,83,83,83,83,83,83,83,We should all be charging him $150 for every 45 mins. Fascinating s#!t. Donald Trump’s Obsession With Applause https://nyti.ms/2m95A5M ,2017-03-01 10:30:05,1,0,837007047359090688,"{'neg': 0.096, 'neu': 0.64, 'pos': 0.264, 'compound': 0.636}",0.0667826086957,0.0898
84,84,84,84,84,84,84,84,84,84,84,Donald Trump’s Military Preening https://nyti.ms/2lx5IZP ,2017-03-01 10:28:46,0,0,837006717330341888,"{'neg': 0.0, 'neu': 1.0, 'pos': 0.0, 'compound': 0.0}",0.0667826086957,0.0898
85,85,85,85,85,85,85,85,85,85,85,40 Days -- And Nights -- Of Donald Trump #ImpeachTrump #RESISThttp://www.huffingtonpost.com/entry/40-days-and-nights-of-donald-trump_us_58b6bf6ce4b0e5fdf61978e2 …,2017-03-01 10:21:00,0,0,837004763103383552,"{'neg': 0.0, 'neu': 1.0, 'pos': 0.0, 'compound': 0.0}",0.0667826086957,0.0898
86,86,86,86,86,86,86,86,86,86,86,"2/ Choice in this election is clear. More of the same with Lynch and his pal Donald Trump, or a REAL progressive. http://SupportBrianna.com ",2017-03-01 10:05:09,47,15,837000773405982733,"{'neg': 0.0, 'neu': 0.89, 'pos': 0.11, 'compound': 0.3818}",0.0667826086957,0.0898
87,87,87,87,87,87,87,87,87,87,87,.@Joan_Vennochi: Donald Trump ducked full responsibility for the Yemen raid last night http://bos.gl/HKV6sCI pic.twitter.com/wzNkkJYD9U,2017-03-01 10:01:13,21,14,836999780635197442,"{'neg': 0.0, 'neu': 1.0, 'pos': 0.0, 'compound': 0.0}",0.0667826086957,0.0898
88,88,88,88,88,88,88,88,88,88,88,Donald Trump Urges Unity With All The Lawmakers He's Insulted For The Past Year #ImpeachTrump #RESISThttp://www.huffingtonpost.com/entry/trump-joint-address-congress_us_58b66849e4b060480e0cf6cf …,2017-03-01 10:00:52,0,0,836999693456588802,"{'neg': 0.18, 'neu': 0.82, 'pos': 0.0, 'compound': -0.5106}",0.0667826086957,0.0898
89,89,89,89,89,89,89,89,89,89,89,Imagine the campaign. Oprah Winfrey against Donald Trump. Ratings through the roof. https://twitter.com/nbcnews/status/836984436310802432 …,2017-03-01 10:00:28,1,0,836999594122887174,"{'neg': 0.0, 'neu': 1.0, 'pos': 0.0, 'compound': 0.0}",0.0667826086957,0.0898
90,90,90,90,90,90,90,90,90,90,90,"Donald Trump's Debate Mistake On Trade -  $800 Billion Deficit Doesn't Exist, Not Problem If It Did via @forbeshttp://www.forbes.com/sites/timworstall/2016/10/10/donald-trumps-debate-mistake-on-trade-800-billion-deficit-doesnt-exist-not-problem-if-it-did/#5151dd91991c …",2017-03-01 10:00:00,0,0,836999477567324160,"{'neg': 0.228, 'neu': 0.671, 'pos': 0.101, 'compound': -0.4295}",0.0667826086957,0.0898
91,91,91,91,91,91,91,91,91,91,91,"Joe Kennedy, Seth Moulton react with skepticism to President Donald Trump's #JointAddress http://boston.cbslocal.com/2017/03/01/president-trump-addresses-congress-seth-moulton-joe-kennedy-massachusetts/ …pic.twitter.com/YprYLI245l",2017-03-01 09:54:16,10,1,836998035267862532,"{'neg': 0.143, 'neu': 0.857, 'pos': 0.0, 'compound': -0.25}",0.0667826086957,0.0898
92,92,92,92,92,92,92,92,92,92,92,"News Now! Donald Trump fact check: Almost every big claim he made in his Joint … http://www.independent.co.uk/news/world/americas/us-politics/donald-trump-speech-fact-check-lies-claims-joint-address-congress-jobs-immigration-pipeline-a7604861.html …, see more http://tweetedtimes.com/v/12416?s=tnp ",2017-03-01 09:51:38,0,0,836997369795395589,"{'neg': 0.0, 'neu': 1.0, 'pos': 0.0, 'compound': 0.0}",0.0667826086957,0.0898
93,93,93,93,93,93,93,93,93,93,93,A song for you @realdonal @DonaldTrumpNewz @RealDonalDrumpf @DonaldTrump @dontrump @DonTrumpTV @POTUS @PrefabMessiahshttps://twitter.com/rockerzine/status/836995093483700234 …,2017-03-01 09:48:42,2,1,836996630675144711,"{'neg': 0.0, 'neu': 1.0, 'pos': 0.0, 'compound': 0.0}",0.0667826086957,0.0898
94,94,94,94,94,94,94,94,94,94,94,"Alec Baldwin is co-writing a satirical book as -- you guessed it -- President Donald Trump
http://on.mash.to/2mtTlSt ",2017-03-01 09:42:22,0,0,836995038236274689,"{'neg': 0.0, 'neu': 1.0, 'pos': 0.0, 'compound': 0.0}",0.0667826086957,0.0898
95,95,95,95,95,95,95,95,95,95,95,@joshuakucera More: Donald Trump Praised Putin For Bashing The Term “American Exceptionalism” In 2013 https://www.buzzfeed.com/andrewkaczynski/donald-trump-praised-putin-for-bashing-the-term-american-exc?utm_term=.ffEZZMRoVw#.js5YYxMEal …pic.twitter.com/rhsGsklR1h,2017-03-01 09:36:06,0,0,836993459693240325,"{'neg': 0.0, 'neu': 0.802, 'pos': 0.198, 'compound': 0.5367}",0.0667826086957,0.0898
96,96,96,96,96,96,96,96,96,96,96,Scot Lehigh: Donald Trump’s speech sounded like a make-up exam for his abysmal inaugural address.… http://toplocalnow.com/us/boston/at/noon …,2017-03-01 09:35:05,0,0,836993207061794816,"{'neg': 0.0, 'neu': 0.848, 'pos': 0.152, 'compound': 0.3612}",0.0667826086957,0.0898
97,97,97,97,97,97,97,97,97,97,97,Former Mexican President Vicente Fox Says He'll Pay For a Wall Around Donald Trump https://apple.news/AGw8YS5PHQHqNUngJLqa0Cw …,2017-03-01 09:32:53,0,0,836992653078249476,"{'neg': 0.097, 'neu': 0.903, 'pos': 0.0, 'compound': -0.1027}",0.0667826086957,0.0898
98,98,98,98,98,98,98,98,98,98,98,The Heartless Cruelty of Donald Trump’s Continued Promises to Coal Miners http://slate.me/2lruUQB ,2017-03-01 09:30:13,0,0,836991982291595264,"{'neg': 0.38, 'neu': 0.481, 'pos': 0.139, 'compound': -0.6705}",0.0667826086957,0.0898
99,99,99,99,99,99,99,99,99,99,99,"#donaldtrump DT doesn't like captured heros like McClain but it's ok if you die, then you're a hero is his eyes...Sad!",2017-03-01 09:30:08,0,0,836991961735311361,"{'neg': 0.32, 'neu': 0.438, 'pos': 0.241, 'compound': -0.1363}",0.0667826086957,0.0898
100,100,100,100,100,100,100,100,100,100,100,Donald Trump Nearly Resolved the Major GOP Split Over Obamacare http://slate.me/2lrAq5U ,2017-03-01 09:29:49,0,0,836991881896677377,"{'neg': 0.0, 'neu': 0.855, 'pos': 0.145, 'compound': 0.1779}",0.0667826086957,0.0898
101,101,101,101,101,101,101,101,101,101,101,What the mainstream media won't tell you about Donald Trump and crime in Sweden https://www.conservativereview.com/commentary/2017/02/what-the-mainstream-media-wont-tell-you-about-donald-trump-and-crime-in-sweden …,2017-03-01 09:26:56,0,0,836991153262190592,"{'neg': 0.2, 'neu': 0.8, 'pos': 0.0, 'compound': -0.5423}",0.0667826086957,0.0898
102,102,102,102,102,102,102,102,102,102,102,.@GlobeScotLehigh: Donald Trump’s speech sounded like a make-up exam for his abysmal inaugural address. http://bos.gl/9fhdVS1 pic.twitter.com/ozYzbgvIh1,2017-03-01 09:13:34,30,13,836987791980507136,"{'neg': 0.0, 'neu': 0.839, 'pos': 0.161, 'compound': 0.3612}",0.0667826086957,0.0898
103,103,103,103,103,103,103,103,103,103,103,Not even Donald Trump can put the brakes on China’s wealth-creation machine https://www.bloomberg.com/news/articles/2017-03-01/china-s-richest-win-mexican-billionaires-lose-with-trump-effect … via @markets,2017-03-01 09:00:11,0,0,836984423123943424,"{'neg': 0.0, 'neu': 1.0, 'pos': 0.0, 'compound': 0.0}",0.0667826086957,0.0898
104,104,104,104,104,104,104,104,104,104,104,Critique of #45′s speech before Congress - I do not accept or respect Donald Trump as President of the... https://tmblr.co/ZCvJho2J1dWx5 ,2017-03-01 08:59:11,0,0,836984171134349312,"{'neg': 0.228, 'neu': 0.772, 'pos': 0.0, 'compound': -0.5773}",0.0667826086957,0.0898
105,105,105,105,105,105,105,105,105,105,105,@L3Gl0N I'm already giving good odds that the Democrat version of Donald Trump (Marc Cuban) will be a Presidential candidate in 2020.,2017-03-01 08:58:10,0,0,836983913985765377,"{'neg': 0.0, 'neu': 0.782, 'pos': 0.218, 'compound': 0.6486}",0.0667826086957,0.0898
106,106,106,106,106,106,106,106,106,106,106,Fact-checking President Donald Trump's address to a joint session of Congress - ABC News - http://abcn.ws/2l9DLuO  via @ABC,2017-03-01 08:54:04,0,0,836982884057690115,"{'neg': 0.0, 'neu': 1.0, 'pos': 0.0, 'compound': 0.0}",0.0667826086957,0.0898
107,107,107,107,107,107,107,107,107,107,107,Dem Senator: Donald Trump Was 'Childish' To Ignore Climate Change In His Big Speech: Democrats… http://m.tbnn.it/NWCQSk  | @HuffingtonPost,2017-03-01 08:43:43,0,0,836980279415693312,"{'neg': 0.135, 'neu': 0.865, 'pos': 0.0, 'compound': -0.3612}",0.0667826086957,0.0898
108,108,108,108,108,108,108,108,108,108,108,A new @Kennedy_school paper looks at early investor reaction to Donald Trump’s presidency http://hvrd.me/xgmo309oCzx ,2017-03-01 08:35:13,4,5,836978139318345728,"{'neg': 0.0, 'neu': 1.0, 'pos': 0.0, 'compound': 0.0}",0.0667826086957,0.0898
109,109,109,109,109,109,109,109,109,109,109,"Donald Trump asking us to stop the ""trivial fights"" is basically the same thing as Ronald McDonald telling us to go on a diet. Dude. Really?",2017-03-01 08:23:02,1,0,836975072158105600,"{'neg': 0.214, 'neu': 0.786, 'pos': 0.0, 'compound': -0.6124}",0.0667826086957,0.0898
110,110,110,110,110,110,110,110,110,110,110,Is Donald Trump making waves in Boston?,2017-03-01 08:20:56,7,4,836974544065810432,"{'neg': 0.0, 'neu': 1.0, 'pos': 0.0, 'compound': 0.0}",0.0667826086957,0.0898
111,111,111,111,111,111,111,111,111,111,111,"The Radical Islam Bits of Trump’s Congress Speech: Clarion Project, March 1, 2017: U.S. President Donald Trump… http://m.tbnn.it/NWBk4n pic.twitter.com/m0vcUzeRRp",2017-03-01 08:12:39,0,0,836972460079738881,"{'neg': 0.0, 'neu': 1.0, 'pos': 0.0, 'compound': 0.0}",0.0667826086957,0.0898
112,112,112,112,112,112,112,112,112,112,112,"There's a certain satisfaction in liking and then unliking Donald Trump's photos
Just to spite that bitch",2017-03-01 08:05:39,6,0,836970700892164097,"{'neg': 0.278, 'neu': 0.425, 'pos': 0.297, 'compound': -0.128}",0.0667826086957,0.0898
113,113,113,113,113,113,113,113,113,113,113,Carr: Donald Trump true to his word on illegal immigration http://www.bostonherald.com/news/columnists/howie_carr/2017/03/carr_donald_trump_true_to_his_word_on_illegal_immigration#.WLbvF4iYBCI.twitter …,2017-03-01 07:56:16,0,0,836968337624219648,"{'neg': 0.234, 'neu': 0.584, 'pos': 0.182, 'compound': -0.2023}",0.0667826086957,0.0898
114,114,114,114,114,114,114,114,114,114,114,"It's was just Tues, he'll be unPOTUS by Fri.  No fear, it'll happen, he can't help himself. #DonaldTrump https://twitter.com/CBSNews/status/836913532188966912 …",2017-03-01 07:46:36,0,0,836965905770893312,"{'neg': 0.324, 'neu': 0.676, 'pos': 0.0, 'compound': -0.7689}",0.0667826086957,0.0898
